<?xml version='1.0' encoding='utf-8' standalone='yes' ?>
<map>
    <long name="sites_visited_weekly_time" value="1763998899612" />
    <set name="related_sites_visited_weekly_set" />
    <string name="origins_visited_date">11/29/25</string>
    <set name="origins_visited_set">
        <string>2655839505</string>
        <string>3105367270</string>
    </set>
    <set name="sites_visited_weekly_set">
        <string>1512035775</string>
        <string>192373147</string>
        <string>1911260545</string>
    </set>
</map>
